{
  "parent": "block/block",
  "textures": {
    "particle": "#tex",
    "tex": "minecraft:block/iron_block"
  },
  "elements": [
    {
      "from": [0, 0, 0],
      "to": [16, 2, 16],
      "faces": {
        "north": {"texture": "#tex"},
        "east": {"texture": "#tex"},
        "south": {"texture": "#tex"},
        "west": {"texture": "#tex"},
        "up": {"texture": "#tex"},
        "down": {"texture": "#tex"}
      }
    },
    {
      "from": [3, 2, 3],
      "to": [13, 6, 13],
      "faces": {
        "north": {"texture": "#tex"},
        "east": {"texture": "#tex"},
        "south": {"texture": "#tex"},
        "west": {"texture": "#tex"},
        "up": {"texture": "#tex"},
        "down": {"texture": "#tex"}
      }
    }
  ]
}
