{
  "parent": "block/block",
  "textures": {
    "particle": "#tex",
    "tex": "minecraft:block/iron_block"
  },
  "elements": [
    {
      "from": [4, 6, 4],
      "to": [12, 10, 12],
      "faces": {
        "north": {"texture": "#tex"},
        "east": {"texture": "#tex"},
        "south": {"texture": "#tex"},
        "west": {"texture": "#tex"},
        "up": {"texture": "#tex"},
        "down": {"texture": "#tex"}
      }
    },
    {
      "from": [2, 4, 2],
      "to": [4, 8, 14],
      "faces": {
        "north": {"texture": "#tex"},
        "east": {"texture": "#tex"},
        "south": {"texture": "#tex"},
        "west": {"texture": "#tex"},
        "up": {"texture": "#tex"},
        "down": {"texture": "#tex"}
      }
    },
    {
      "from": [12, 4, 2],
      "to": [14, 8, 14],
      "faces": {
        "north": {"texture": "#tex"},
        "east": {"texture": "#tex"},
        "south": {"texture": "#tex"},
        "west": {"texture": "#tex"},
        "up": {"texture": "#tex"},
        "down": {"texture": "#tex"}
      }
    },
    {
      "from": [7, 10, 7],
      "to": [9, 12, 9],
      "faces": {
        "north": {"texture": "#tex"},
        "east": {"texture": "#tex"},
        "south": {"texture": "#tex"},
        "west": {"texture": "#tex"},
        "up": {"texture": "#tex"},
        "down": {"texture": "#tex"}
      }
    }
  ]
}
